	Mod_ID	Mod_name	Macro_ID
0	md:mmu_M00001	Glycolysis (Embden-Meyerhof pathway), glucose => pyruvate	1
1	md:mmu_M00002	Glycolysis, core module involving three-carbon compounds	1
2	md:mmu_M00003	Gluconeogenesis, oxaloacetate => fructose-6P	1
3	md:mmu_M00004	Pentose phosphate pathway (Pentose phosphate cycle)	1
4	md:mmu_M00005	PRPP biosynthesis, ribose 5P => PRPP	1
5	md:mmu_M00006	Pentose phosphate pathway, oxidative phase, glucose 6P => ribulose 5P	1
6	md:mmu_M00007	Pentose phosphate pathway, non-oxidative phase, fructose 6P => ribose 5P	1
7	md:mmu_M00008	Entner-Doudoroff pathway, glucose-6P => glyceraldehyde-3P + pyruvate	1
8	md:mmu_M00009	Citrate cycle (TCA cycle, Krebs cycle)	1
9	md:mmu_M00010	Citrate cycle, first carbon oxidation, oxaloacetate => 2-oxoglutarate	1
10	md:mmu_M00011	Citrate cycle, second carbon oxidation, 2-oxoglutarate => oxaloacetate	1
11	md:mmu_M00012	Glyoxylate cycle	1
12	md:mmu_M00013	Malonate semialdehyde pathway, propanoyl-CoA => acetyl-CoA	1
13	md:mmu_M00014	Glucuronate pathway (uronate pathway)	1
14	md:mmu_M00015	Proline biosynthesis, glutamate => proline	5
15	md:mmu_M00016	Lysine biosynthesis, succinyl-DAP pathway, aspartate => lysine	5
16	md:mmu_M00017	Methionine biosynthesis, aspartate => homoserine => methionine	5
17	md:mmu_M00018	Threonine biosynthesis, aspartate => homoserine => threonine	5
18	md:mmu_M00019	Valine/isoleucine biosynthesis, pyruvate => valine / 2-oxobutanoate => isoleucine	5
19	md:mmu_M00020	Serine biosynthesis, glycerate-3P => serine	5
20	md:mmu_M00021	Cysteine biosynthesis, serine => cysteine	5
21	md:mmu_M00022	Shikimate pathway, phosphoenolpyruvate + erythrose-4P => chorismate	5
22	md:mmu_M00023	Tryptophan biosynthesis, chorismate => tryptophan	5
23	md:mmu_M00024	Phenylalanine biosynthesis, chorismate => phenylpyruvate => phenylalanine	5
24	md:mmu_M00025	Tyrosine biosynthesis, chorismate => HPP => tyrosine	5
25	md:mmu_M00026	Histidine biosynthesis, PRPP => histidine	5
26	md:mmu_M00027	GABA (gamma-Aminobutyrate) shunt	5
27	md:mmu_M00028	Ornithine biosynthesis, glutamate => ornithine	5
28	md:mmu_M00029	Urea cycle	5
29	md:mmu_M00030	Lysine biosynthesis, AAA pathway, 2-oxoglutarate => 2-aminoadipate => lysine	5
30	md:mmu_M00031	Lysine biosynthesis, mediated by LysW, 2-aminoadipate => lysine	5
31	md:mmu_M00032	Lysine degradation, lysine => saccharopine => acetoacetyl-CoA	5
32	md:mmu_M00033	Ectoine biosynthesis, aspartate => ectoine	5
33	md:mmu_M00034	Methionine salvage pathway	5
34	md:mmu_M00035	Methionine degradation	5
35	md:mmu_M00036	Leucine degradation, leucine => acetoacetate + acetyl-CoA	5
36	md:mmu_M00037	Melatonin biosynthesis, animals, tryptophan => serotonin => melatonin	5
37	md:mmu_M00038	Tryptophan metabolism, tryptophan => kynurenine => 2-aminomuconate	5
38	md:mmu_M00039	Monolignol biosynthesis, phenylalanine/tyrosine => monolignol	9
39	md:mmu_M00040	Tyrosine biosynthesis, chorismate => arogenate => tyrosine	5
40	md:mmu_M00042	Catecholamine biosynthesis, tyrosine => dopamine => noradrenaline => adrenaline	5
41	md:mmu_M00043	Thyroid hormone biosynthesis, tyrosine => triiodothyronine/thyroxine	5
42	md:mmu_M00044	Tyrosine degradation, tyrosine => homogentisate	5
43	md:mmu_M00045	Histidine degradation, histidine => N-formiminoglutamate => glutamate	5
44	md:mmu_M00046	Pyrimidine degradation, uracil => beta-alanine, thymine => 3-aminoisobutanoate	4
45	md:mmu_M00047	Creatine pathway	5
46	md:mmu_M00048	Inosine monophosphate biosynthesis, PRPP + glutamine => IMP	4
47	md:mmu_M00049	Adenine ribonucleotide biosynthesis, IMP => ADP,ATP	4
48	md:mmu_M00050	Guanine ribonucleotide biosynthesis, IMP => GDP,GTP	4
49	md:mmu_M00051	Uridine monophosphate biosynthesis, glutamine (+ PRPP) => UMP	4
50	md:mmu_M00052	Pyrimidine ribonucleotide biosynthesis, UMP => UDP/UTP,CDP/CTP	4
51	md:mmu_M00053	Pyrimidine deoxyribonuleotide biosynthesis, CDP => dCTP	4
52	md:mmu_M00055	N-glycan precursor biosynthesis	6
53	md:mmu_M00056	O-glycan biosynthesis, mucin type core	6
54	md:mmu_M00057	Glycosaminoglycan biosynthesis, linkage tetrasaccharide	6
55	md:mmu_M00058	Glycosaminoglycan biosynthesis, chondroitin sulfate backbone	6
56	md:mmu_M00059	Glycosaminoglycan biosynthesis, heparan sulfate backbone	6
57	md:mmu_M00060	KDO2-lipid A biosynthesis, Raetz pathway, LpxL-LpxM type	6
58	md:mmu_M00061	D-Glucuronate degradation, D-glucuronate => pyruvate + D-glyceraldehyde 3P	1
59	md:mmu_M00063	CMP-KDO biosynthesis	6
60	md:mmu_M00064	ADP-L-glycero-D-manno-heptose biosynthesis	6
61	md:mmu_M00065	GPI-anchor biosynthesis, core oligosaccharide	6
62	md:mmu_M00066	Lactosylceramide biosynthesis	3
63	md:mmu_M00067	Sulfoglycolipids biosynthesis, ceramide/1-alkyl-2-acylglycerol => sulfatide/seminolipid	3
64	md:mmu_M00068	Glycosphingolipid biosynthesis, globo-series, LacCer => Gb4Cer	6
65	md:mmu_M00069	Glycosphingolipid biosynthesis, ganglio series, LacCer => GT3	6
66	md:mmu_M00070	Glycosphingolipid biosynthesis, lacto-series, LacCer => Lc4Cer	6
67	md:mmu_M00071	Glycosphingolipid biosynthesis, neolacto-series, LacCer => nLc4Cer	6
68	md:mmu_M00072	N-glycosylation by oligosaccharyltransferase	6
69	md:mmu_M00073	N-glycan precursor trimming	6
70	md:mmu_M00074	N-glycan biosynthesis, high-mannose type	6
71	md:mmu_M00075	N-glycan biosynthesis, complex type	6
72	md:mmu_M00076	Dermatan sulfate degradation	6
73	md:mmu_M00077	Chondroitin sulfate degradation	6
74	md:mmu_M00078	Heparan sulfate degradation	6
75	md:mmu_M00079	Keratan sulfate degradation	6
76	md:mmu_M00081	Pectin degradation	1
77	md:mmu_M00082	Fatty acid biosynthesis, initiation	3
78	md:mmu_M00083	Fatty acid biosynthesis, elongation	3
79	md:mmu_M00085	Fatty acid elongation in mitochondria	3
80	md:mmu_M00086	beta-Oxidation, acyl-CoA synthesis	3
81	md:mmu_M00087	beta-Oxidation	3
82	md:mmu_M00088	Ketone body biosynthesis, acetyl-CoA => acetoacetate/3-hydroxybutyrate/acetone	3
83	md:mmu_M00089	Triacylglycerol biosynthesis	3
84	md:mmu_M00090	Phosphatidylcholine (PC) biosynthesis, choline => PC	3
85	md:mmu_M00091	Phosphatidylcholine (PC) biosynthesis, PE => PC	3
86	md:mmu_M00092	Phosphatidylethanolamine (PE) biosynthesis, ethanolamine => PE	3
87	md:mmu_M00093	Phosphatidylethanolamine (PE) biosynthesis, PA => PS => PE	3
88	md:mmu_M00094	Ceramide biosynthesis	3
89	md:mmu_M00095	C5 isoprenoid biosynthesis, mevalonate pathway	8
90	md:mmu_M00096	C5 isoprenoid biosynthesis, non-mevalonate pathway	8
91	md:mmu_M00097	beta-Carotene biosynthesis, GGAP => beta-carotene	8
92	md:mmu_M00098	Acylglycerol degradation	3
93	md:mmu_M00099	Sphingosine biosynthesis	3
94	md:mmu_M00100	Sphingosine degradation	3
95	md:mmu_M00101	Cholesterol biosynthesis, squalene 2,3-epoxide => cholesterol	3
96	md:mmu_M00102	Ergocalciferol biosynthesis, squalene 2,3-epoxide => ergosterol/ergocalciferol	3
97	md:mmu_M00103	Cholecalciferol biosynthesis	3
98	md:mmu_M00104	Bile acid biosynthesis, cholesterol => cholate/chenodeoxycholate	3
99	md:mmu_M00106	Conjugated bile acid biosynthesis, cholate => taurocholate/glycocholate	3
100	md:mmu_M00107	Steroid hormone biosynthesis, cholesterol => prognenolone => progesterone	3
101	md:mmu_M00108	C21-Steroid hormone biosynthesis, progesterone => corticosterone/aldosterone	3
102	md:mmu_M00109	C21-Steroid hormone biosynthesis, progesterone => cortisol/cortisone	3
103	md:mmu_M00110	C19/C18-Steroid hormone biosynthesis, pregnenolone => androstenedione => estrone	3
104	md:mmu_M00112	Tocopherol/tocotorienol biosynthesis, homogentisate + phytyl/geranylgeranyl-PP => tocopherol/tocotorienol	7
105	md:mmu_M00113	Jasmonic acid biosynthesis	3
106	md:mmu_M00114	Ascorbate biosynthesis, plants, fructose-6P => ascorbate	1
107	md:mmu_M00115	NAD biosynthesis, aspartate => quinolinate => NAD	7
108	md:mmu_M00116	Menaquinone biosynthesis, chorismate (+ polyprenyl-PP) => menaquinol	7
109	md:mmu_M00117	Ubiquinone biosynthesis, prokaryotes, chorismate (+ polyprenyl-PP) => ubiquinol	7
110	md:mmu_M00118	Glutathione biosynthesis, glutamate => glutathione	5
111	md:mmu_M00119	Pantothenate biosynthesis, valine/L-aspartate => pantothenate	7
112	md:mmu_M00120	Coenzyme A biosynthesis, pantothenate => CoA	7
113	md:mmu_M00121	Heme biosynthesis, plants and bacteria, glutamate => heme	7
114	md:mmu_M00122	Cobalamin biosynthesis, cobyrinate a,c-diamide => cobalamin	7
115	md:mmu_M00123	Biotin biosynthesis, pimeloyl-ACP/CoA => biotin	7
116	md:mmu_M00124	Pyridoxal-P biosynthesis, erythrose-4P => pyridoxal-P	7
117	md:mmu_M00125	Riboflavin biosynthesis, plants and bacteria, GTP => riboflavin/FMN/FAD	7
118	md:mmu_M00126	Tetrahydrofolate biosynthesis, GTP => THF	7
119	md:mmu_M00127	Thiamine biosynthesis, prokaryotes, AIR (+ DXP/tyrosine) => TMP/TPP	7
120	md:mmu_M00128	Ubiquinone biosynthesis, eukaryotes, 4-hydroxybenzoate + polyprenyl-PP => ubiquinol	7
121	md:mmu_M00129	Ascorbate biosynthesis, animals, glucose-1P => ascorbate	1
122	md:mmu_M00130	Inositol phosphate metabolism, PI=> PIP2 => Ins(1,4,5)P3 => Ins(1,3,4,5)P4	1
123	md:mmu_M00131	Inositol phosphate metabolism, Ins(1,3,4,5)P4 => Ins(1,3,4)P3 => myo-inositol	1
124	md:mmu_M00132	Inositol phosphate metabolism, Ins(1,3,4)P3 => phytate	1
125	md:mmu_M00133	Polyamine biosynthesis, arginine => agmatine => putrescine => spermidine	5
126	md:mmu_M00134	Polyamine biosynthesis, arginine => ornithine => putrescine	5
127	md:mmu_M00135	GABA biosynthesis, eukaryotes, putrescine => GABA	5
128	md:mmu_M00136	GABA biosynthesis, prokaryotes, putrescine => GABA	5
129	md:mmu_M00137	Flavanone biosynthesis, phenylalanine => naringenin	9
130	md:mmu_M00138	Flavonoid biosynthesis, naringenin => pelargonidin	9
131	md:mmu_M00140	C1-unit interconversion, prokaryotes	7
132	md:mmu_M00141	C1-unit interconversion, eukaryotes	7
133	md:mmu_M00142	NADH:ubiquinone oxidoreductase, mitochondria	2
134	md:mmu_M00143	NADH dehydrogenase (ubiquinone) Fe-S protein/flavoprotein complex, mitochondria	2
135	md:mmu_M00144	NADH:quinone oxidoreductase, prokaryotes	2
136	md:mmu_M00145	NAD(P)H:quinone oxidoreductase, chloroplasts and cyanobacteria	2
137	md:mmu_M00146	NADH dehydrogenase (ubiquinone) 1 alpha subcomplex	2
138	md:mmu_M00147	NADH dehydrogenase (ubiquinone) 1 beta subcomplex	2
139	md:mmu_M00148	Succinate dehydrogenase (ubiquinone)	2
140	md:mmu_M00149	Succinate dehydrogenase, prokaryotes	2
141	md:mmu_M00150	Fumarate reductase, prokaryotes	2
142	md:mmu_M00151	Cytochrome bc1 complex respiratory unit	2
143	md:mmu_M00152	Cytochrome bc1 complex	2
144	md:mmu_M00153	Cytochrome bd ubiquinol oxidase	2
145	md:mmu_M00154	Cytochrome c oxidase	2
146	md:mmu_M00155	Cytochrome c oxidase, prokaryotes	2
147	md:mmu_M00156	Cytochrome c oxidase, cbb3-type	2
148	md:mmu_M00157	F-type ATPase, prokaryotes and chloroplasts	2
149	md:mmu_M00158	F-type ATPase, eukaryotes	2
150	md:mmu_M00159	V/A-type ATPase, prokaryotes	2
151	md:mmu_M00160	V-type ATPase, eukaryotes	2
152	md:mmu_M00161	Photosystem II	2
153	md:mmu_M00162	Cytochrome b6f complex	2
154	md:mmu_M00163	Photosystem I	2
155	md:mmu_M00165	Reductive pentose phosphate cycle (Calvin cycle)	2
156	md:mmu_M00166	Reductive pentose phosphate cycle, ribulose-5P => glyceraldehyde-3P	2
157	md:mmu_M00167	Reductive pentose phosphate cycle, glyceraldehyde-3P => ribulose-5P	2
158	md:mmu_M00168	CAM (Crassulacean acid metabolism), dark	2
159	md:mmu_M00169	CAM (Crassulacean acid metabolism), light	2
160	md:mmu_M00170	C4-dicarboxylic acid cycle, phosphoenolpyruvate carboxykinase type	2
161	md:mmu_M00171	C4-dicarboxylic acid cycle, NAD - malic enzyme type	2
162	md:mmu_M00172	C4-dicarboxylic acid cycle, NADP - malic enzyme type	2
163	md:mmu_M00173	Reductive citrate cycle (Arnon-Buchanan cycle)	2
164	md:mmu_M00174	Methane oxidation, methanotroph, methane => formaldehyde	2
165	md:mmu_M00175	Nitrogen fixation, nitrogen => ammonia	2
166	md:mmu_M00176	Assimilatory sulfate reduction, sulfate => H2S	2
167	md:mmu_M00307	Pyruvate oxidation, pyruvate => acetyl-CoA	1
168	md:mmu_M00308	Semi-phosphorylative Entner-Doudoroff pathway, gluconate => glycerate-3P	1
169	md:mmu_M00309	Non-phosphorylative Entner-Doudoroff pathway, gluconate/galactonate => glycerate	1
170	md:mmu_M00338	Cysteine biosynthesis, homocysteine + serine => cysteine	5
171	md:mmu_M00344	Formaldehyde assimilation, xylulose monophosphate pathway	2
172	md:mmu_M00345	Formaldehyde assimilation, ribulose monophosphate pathway	2
173	md:mmu_M00346	Formaldehyde assimilation, serine pathway	2
174	md:mmu_M00356	Methanogenesis, methanol => methane	2
175	md:mmu_M00357	Methanogenesis, acetate => methane	2
176	md:mmu_M00358	Coenzyme M biosynthesis	2
177	md:mmu_M00363	EHEC pathogenicity signature, Shiga toxin	X
178	md:mmu_M00364	C10-C20 isoprenoid biosynthesis, bacteria	8
179	md:mmu_M00365	C10-C20 isoprenoid biosynthesis, archaea	8
180	md:mmu_M00366	C10-C20 isoprenoid biosynthesis, plants	8
181	md:mmu_M00367	C10-C20 isoprenoid biosynthesis, non-plant eukaryotes	8
182	md:mmu_M00368	Ethylene biosynthesis, methionine => ethylene	5
183	md:mmu_M00369	Cyanogenic glycoside biosynthesis, tyrosine => dhurrin	5
184	md:mmu_M00370	Glucosinolate biosynthesis, tryptophan => glucobrassicin	9
185	md:mmu_M00371	Castasterone biosynthesis, campesterol => castasterone	8
186	md:mmu_M00372	Abscisic acid biosynthesis, beta-carotene => abscisic acid	8
187	md:mmu_M00373	Ethylmalonyl pathway	1
188	md:mmu_M00374	Dicarboxylate-hydroxybutyrate cycle	2
189	md:mmu_M00375	Hydroxypropionate-hydroxybutylate cycle	2
190	md:mmu_M00376	3-Hydroxypropionate bi-cycle	2
191	md:mmu_M00377	Reductive acetyl-CoA pathway (Wood-Ljungdahl pathway)	2
192	md:mmu_M00378	F420 biosynthesis, archaea	2
193	md:mmu_M00415	Fatty acid elongation in endoplasmic reticulum	3
194	md:mmu_M00416	Cytochrome aa3-600 menaquinol oxidase	2
195	md:mmu_M00417	Cytochrome o ubiquinol oxidase	2
196	md:mmu_M00418	Toluene degradation, anaerobic, toluene => benzoyl-CoA	10
197	md:mmu_M00419	Cymene degradation, p-cymene => p-cumate	10
198	md:mmu_M00422	Acetyl-CoA pathway, CO2 => acetyl-CoA	2
199	md:mmu_M00432	Leucine biosynthesis, 2-oxoisovalerate => 2-oxoisocaproate	5
200	md:mmu_M00433	Lysine biosynthesis, 2-oxoglutarate => 2-oxoadipate	5
201	md:mmu_M00525	Lysine biosynthesis, acetyl-DAP pathway, aspartate => lysine	5
202	md:mmu_M00526	Lysine biosynthesis, DAP dehydrogenase pathway, aspartate => lysine	5
203	md:mmu_M00527	Lysine biosynthesis, DAP aminotransferase pathway, aspartate => lysine	5
204	md:mmu_M00528	Nitrification, ammonia => nitrite	2
205	md:mmu_M00529	Denitrification, nitrate => nitrogen	2
206	md:mmu_M00530	Dissimilatory nitrate reduction, nitrate => ammonia	2
207	md:mmu_M00531	Assimilatory nitrate reduction, nitrate => ammonia	2
208	md:mmu_M00532	Photorespiration	1
209	md:mmu_M00533	Homoprotocatechuate degradation, homoprotocatechuate => 2-oxohept-3-enedioate	5
210	md:mmu_M00534	Naphthalene degradation, naphthalene => salicylate	10
211	md:mmu_M00535	Isoleucine biosynthesis, pyruvate => 2-oxobutanoate	5
212	md:mmu_M00537	Xylene degradation, xylene => methylbenzoate	10
213	md:mmu_M00538	Toluene degradation, toluene => benzoate	10
214	md:mmu_M00539	Cumate degradation, p-cumate => 2-oxopent-4-enoate + 2-methylpropanoate	10
215	md:mmu_M00540	Benzoate degradation, cyclohexanecarboxylic acid =>pimeloyl-CoA	10
216	md:mmu_M00541	Benzoyl-CoA degradation, benzoyl-CoA => 3-hydroxypimeloyl-CoA	10
217	md:mmu_M00542	EHEC/EPEC pathogenicity signature, T3SS and effectors	X
218	md:mmu_M00543	Biphenyl degradation, biphenyl => 2-oxopent-4-enoate + benzoate	10
219	md:mmu_M00544	Carbazole degradation, carbazole => 2-oxopent-4-enoate + anthranilate	10
220	md:mmu_M00545	Trans-cinnamate degradation, trans-cinnamate => acetyl-CoA	10
221	md:mmu_M00546	Purine degradation, xanthine => urea	4
222	md:mmu_M00547	Benzene/toluene degradation, benzene => catechol / toluene => 3-methylcatechol	10
223	md:mmu_M00548	Benzene degradation, benzene => catechol	10
224	md:mmu_M00549	Nucleotide sugar biosynthesis, glucose => UDP-glucose	1
225	md:mmu_M00550	Ascorbate degradation, ascorbate => D-xylulose-5P	1
226	md:mmu_M00551	Benzoate degradation, benzoate => catechol / methylbenzoate => methylcatechol	10
227	md:mmu_M00552	D-galactonate degradation, De Ley-Doudoroff pathway, D-galactonate => glycerate-3P	1
228	md:mmu_M00554	Nucleotide sugar biosynthesis, galactose => UDP-galactose	1
229	md:mmu_M00555	Betaine biosynthesis, choline => betaine	5
230	md:mmu_M00563	Methanogenesis, methylamine/dimethylamine/trimethylamine => methane	2
231	md:mmu_M00564	Helicobacter pylori pathogenicity signature, cagA pathogenicity island	X
232	md:mmu_M00565	Trehalose biosynthesis, D-glucose 1P => trehalose	1
233	md:mmu_M00567	Methanogenesis, CO2 => methane	2
234	md:mmu_M00568	Catechol ortho-cleavage, catechol => 3-oxoadipate	10
235	md:mmu_M00569	Catechol meta-cleavage, catechol => acetyl-CoA / 4-methylcatechol => propanoyl-CoA	10
236	md:mmu_M00570	Isoleucine biosynthesis, threonine => 2-oxobutanoate => isoleucine	5
237	md:mmu_M00572	Pimeloyl-ACP biosynthesis, BioC-BioH pathway, malonyl-ACP => pimeloyl-ACP	7
238	md:mmu_M00573	Biotin biosynthesis, BioI pathway, long-chain-acyl-ACP => pimeloyl-ACP => biotin	7
239	md:mmu_M00574	Pertussis pathogenicity signature, pertussis toxin	X
240	md:mmu_M00575	Pertussis pathogenicity signature, T1SS	X
241	md:mmu_M00576	ETEC pathogenicity signature, heat-labile and heat-stable enterotoxins	X
242	md:mmu_M00577	Biotin biosynthesis, BioW pathway, pimelate => pimeloyl-CoA => biotin	7
243	md:mmu_M00579	Phosphate acetyltransferase-acetate kinase pathway, acetyl-CoA => acetate	2
244	md:mmu_M00580	Pentose phosphate pathway, archaea, fructose 6P => ribose 5P	1
245	md:mmu_M00595	Thiosulfate oxidation by SOX complex, thiosulfate => sulfate	2
246	md:mmu_M00596	Dissimilatory sulfate reduction, sulfate => H2S	2
247	md:mmu_M00597	Anoxygenic photosystem II	2
248	md:mmu_M00598	Anoxygenic photosystem I	2
249	md:mmu_M00608	2-Oxocarboxylic acid chain extension, 2-oxoglutarate => 2-oxoadipate => 2-oxopimelate => 2-oxosuberate	2
250	md:mmu_M00609	Cysteine biosynthesis, methionine => cysteine	5
251	md:mmu_M00611	Oxygenic photosynthesis in plants and cyanobacteria	X
252	md:mmu_M00612	Anoxygenic photosynthesis in purple bacteria	X
253	md:mmu_M00613	Anoxygenic photosynthesis in green nonsulfur bacteria	X
254	md:mmu_M00614	Anoxygenic photosynthesis in green sulfur bacteria	X
255	md:mmu_M00615	Nitrate assimilation	X
256	md:mmu_M00616	Sulfate-sulfur assimilation	X
257	md:mmu_M00617	Methanogen	X
258	md:mmu_M00618	Acetogen	X
259	md:mmu_M00620	Incomplete reductive citrate cycle, acetyl-CoA => oxoglutarate	2
260	md:mmu_M00622	Nicotinate degradation, nicotinate => fumarate	7
261	md:mmu_M00623	Phthalate degradation, phthalate => protocatechuate	10
262	md:mmu_M00624	Terephthalate degradation, terephthalate => 3,4-dihydroxybenzoate	10
263	md:mmu_M00625	Methicillin resistance	X
264	md:mmu_M00627	beta-Lactam resistance, Bla system	X
265	md:mmu_M00630	D-Galacturonate degradation (fungi), D-galacturonate => glycerol	1
266	md:mmu_M00631	D-Galacturonate degradation (bacteria), D-galacturonate => pyruvate + D-glyceraldehyde 3P	1
267	md:mmu_M00632	Galactose degradation, Leloir pathway, galactose => alpha-D-glucose-1P	1
268	md:mmu_M00633	Semi-phosphorylative Entner-Doudoroff pathway, gluconate/galactonate => glycerate-3P	1
269	md:mmu_M00636	Phthalate degradation, phthalate => protocatechuate	10
270	md:mmu_M00637	Anthranilate degradation, anthranilate => catechol	10
271	md:mmu_M00638	Salicylate degradation, salicylate => gentisate	10
272	md:mmu_M00639	Multidrug resistance, efflux pump MexCD-OprJ	X
273	md:mmu_M00641	Multidrug resistance, efflux pump MexEF-OprN	X
274	md:mmu_M00642	Multidrug resistance, efflux pump MexJK-OprM	X
275	md:mmu_M00643	Multidrug resistance, efflux pump MexXY-OprM	X
276	md:mmu_M00649	Multidrug resistance, efflux pump AdeABC	X
277	md:mmu_M00651	Vancomycin resistance, D-Ala-D-Lac type	X
278	md:mmu_M00652	Vancomycin resistance, D-Ala-D-Ser type	X
279	md:mmu_M00660	Xanthomonas spp. pathogenicity signature, T3SS and effectors	X
280	md:mmu_M00661	Paspaline biosynthesis, geranylgeranyl-PP + indoleglycerol phosphate => paspaline	9
281	md:mmu_M00664	Nodulation	X
282	md:mmu_M00672	Penicillin biosynthesis, aminoadipate + cycteine + valine => penicillin	9
283	md:mmu_M00673	Cephamycin C biosynthesis, aminoadipate + cycteine + valine => cephamycin C	9
284	md:mmu_M00674	Clavaminate biosynthesis, arginine + glyceraldehyde-3P => clavaminate	9
285	md:mmu_M00675	Carbapenem-3-carboxylate biosynthesis, pyrroline-5-carboxylate + malonyl-CoA => carbapenem-3-carboxylate	9
286	md:mmu_M00696	Multidrug resistance, efflux pump AcrEF-TolC	X
287	md:mmu_M00697	Multidrug resistance, efflux pump MdtEF-TolC	X
288	md:mmu_M00698	Multidrug resistance, efflux pump BpeEF-OprC	X
289	md:mmu_M00700	Multidrug resistance, efflux pump AbcA	X
290	md:mmu_M00702	Multidrug resistance, efflux pump NorB	X
291	md:mmu_M00704	Tetracycline resistance, efflux pump Tet38	X
292	md:mmu_M00705	Multidrug resistance, efflux pump MepA	X
293	md:mmu_M00714	Multidrug resistance, efflux pump QacA	X
294	md:mmu_M00718	Multidrug resistance, efflux pump MexAB-OprM	X
295	md:mmu_M00725	Cationic antimicrobial peptide (CAMP) resistance, dltABCD operon	X
296	md:mmu_M00726	Cationic antimicrobial peptide (CAMP) resistance, lysyl-phosphatidylglycerol (L-PG) synthase MprF	X
297	md:mmu_M00730	Cationic antimicrobial peptide (CAMP) resistance, VraFG transporter	X
298	md:mmu_M00736	Nocardicin A biosynthesis, L-pHPG + arginine + serine => nocardicin A	9
299	md:mmu_M00740	Methylaspartate cycle	1
300	md:mmu_M00741	Propanoyl-CoA metabolism, propanoyl-CoA => succinyl-CoA	1
301	md:mmu_M00744	Cationic antimicrobial peptide (CAMP) resistance, protease PgtE	X
302	md:mmu_M00745	Imipenem resistance, repression of porin OprD	X
303	md:mmu_M00746	Multidrug resistance, repression of porin OmpF	X
304	md:mmu_M00761	Undecaprenylphosphate alpha-L-Ara4N biosynthesis, UDP-GlcA => undecaprenyl phosphate alpha-L-Ara4N	1
305	md:mmu_M00763	Ornithine biosynthesis, mediated by LysW, glutamate => ornithine	5
306	md:mmu_M00769	Multidrug resistance, efflux pump MexPQ-OpmE	X
307	md:mmu_M00773	Tylosin biosynthesis, methylmalonyl-CoA + malonyl-CoA => tylactone => tylosin	8
308	md:mmu_M00774	Erythromycin biosynthesis, propanoyl-CoA + methylmalonyl-CoA => deoxyerythronolide B => erythromycin A/B	8
309	md:mmu_M00775	Oleandomycin biosynthesis, malonyl-CoA + methylmalonyl-CoA => 8,8a-deoxyoleandolide => oleandomycin	8
310	md:mmu_M00776	Pikromycin/methymycin biosynthesis, methylmalonyl-CoA + malonyl-CoA => narbonolide/10-deoxymethynolide => pikromycin/methymycin	8
311	md:mmu_M00777	Avermectin biosynthesis, 2-methylbutanoyl-CoA/isobutyryl-CoA => 6,8a-Seco-6,8a-deoxy-5-oxoavermectin 1a/1b aglycone => avermectin A1a/B1a/A1b/B1b	8
312	md:mmu_M00778	Type II polyketide backbone biosynthesis, acyl-CoA + malonyl-CoA => polyketide	?
313	md:mmu_M00779	Dihydrokalafungin biosynthesis, octaketide => dihydrokalafungin	?
314	md:mmu_M00780	Tetracycline/oxytetracycline biosynthesis, pretetramide => tetracycline/oxytetracycline	?
315	md:mmu_M00781	Nogalavinone/aklavinone biosynthesis, deoxynogalonate/deoxyaklanonate => nogalavinone/aklavinone	8
316	md:mmu_M00782	Mithramycin biosynthesis, 4-demethylpremithramycinone => mithramycin	8
317	md:mmu_M00783	Tetracenomycin C/8-demethyltetracenomycin C biosynthesis, tetracenomycin F2 => tetracenomycin C/8-demethyltetracenomycin C	8
318	md:mmu_M00784	Elloramycin biosynthesis, 8-demethyltetracenomycin C => elloramycin A	8
319	md:mmu_M00785	Cycloserine biosynthesis, arginine/serine => cycloserine	9
320	md:mmu_M00786	Fumitremorgin alkaloid biosynthesis, tryptophan + proline => fumitremorgin C/A	9
321	md:mmu_M00787	Bacilysin biosynthesis, prephenate => bacilysin	9
322	md:mmu_M00788	Terpentecin biosynthesis, GGAP => terpentecin	9
323	md:mmu_M00789	Rebeccamycin biosynthesis, tryptophan => rebeccamycin	9
324	md:mmu_M00790	Pyrrolnitrin biosynthesis, tryptophan => pyrrolnitrin	9
325	md:mmu_M00793	dTDP-L-rhamnose biosynthesis	8
326	md:mmu_M00794	dTDP-6-deoxy-D-allose biosynthesis	8
327	md:mmu_M00795	dTDP-beta-L-noviose biosynthesis	8
328	md:mmu_M00796	dTDP-D-mycaminose biosynthesis	8
329	md:mmu_M00797	dTDP-D-desosamine biosynthesis	8
330	md:mmu_M00798	dTDP-L-mycarose biosynthesis	8
331	md:mmu_M00799	dTDP-L-oleandrose biosynthesis	8
332	md:mmu_M00800	dTDP-L-megosamine biosynthesis	8
333	md:mmu_M00801	dTDP-L-olivose biosynthesis	8
334	md:mmu_M00802	dTDP-D-forosamine biosynthesis	8
335	md:mmu_M00803	dTDP-D-angolosamine biosynthesis	8
336	md:mmu_M00804	Complete nitrification, comammox, ammonia => nitrite => nitrate	2
337	md:mmu_M00805	Staurosporine biosynthesis, tryptophan => staurosporine	9
338	md:mmu_M00808	Violacein biosynthesis, tryptophan => violacein	9
339	md:mmu_M00810	Nicotine degradation, pyridine pathway, nicotine => 2,6-dihydroxypyridine/succinate semialdehyde	7
340	md:mmu_M00811	Nicotine degradation, pyrrolidine pathway, nicotine => succinate semialdehyde	7
341	md:mmu_M00814	Acarbose biosynthesis, sedoheptulopyranose-7P => acarbose	9
342	md:mmu_M00815	Validamycin A biosynthesis, sedoheptulopyranose-7P => validamycin A	9
343	md:mmu_M00819	Pentalenolactone biosynthesis, farnesyl-PP => pentalenolactone	9
344	md:mmu_M00823	Chlortetracycline biosynthesis, pretetramide => chlortetracycline	8
345	md:mmu_M00824	9-membered enediyne core biosynthesis, malonyl-CoA => 3-hydroxyhexadeca-4,6,8,10,12,14-hexaenoyl-ACP => 9-membered enediyne core	8
346	md:mmu_M00825	10-membered enediyne core biosynthesis, malonyl-CoA => 3-hydroxyhexadeca-4,6,8,10,12,14-hexaenoyl-ACP => 10-membered enediyne core	8
347	md:mmu_M00826	C-1027 benzoxazolinate moiety biosynthesis, chorismate => benzoxazolinyl-CoA	8
348	md:mmu_M00827	C-1027 beta-amino acid moiety biosynthesis, tyrosine => 3-chloro-4,5-dihydroxy-beta-phenylalanyl-PCP	8
349	md:mmu_M00828	Maduropeptin beta-hydroxy acid moiety biosynthesis, tyrosine => 3-(4-hydroxyphenyl)-3-oxopropanoyl-PCP	8
350	md:mmu_M00829	3,6-Dimethylsalicylyl-CoA biosynthesis, malonyl-CoA => 6-methylsalicylate => 3,6-dimethylsalicylyl-CoA	8
351	md:mmu_M00830	Neocarzinostatin naphthoate moiety biosynthesis, malonyl-CoA => 2-hydroxy-5-methyl-1-naphthoate => 2-hydroxy-7-methoxy-5-methyl-1-naphthoyl-CoA	8
352	md:mmu_M00831	Kedarcidin 2-hydroxynaphthoate moiety biosynthesis, malonyl-CoA => 3,6,8-trihydroxy-2-naphthoate => 3-hydroxy-7,8-dimethoxy-6-isopropoxy-2-naphthoyl-CoA	8
353	md:mmu_M00832	Kedarcidin 2-aza-3-chloro-beta-tyrosine moiety biosynthesis, azatyrosine => 2-aza-3-chloro-beta-tyrosyl-PCP	8
354	md:mmu_M00833	Calicheamicin biosynthesis, calicheamicinone => calicheamicin	8
355	md:mmu_M00834	Calicheamicin orsellinate moiety biosynthesis, malonyl-CoA => orsellinate-ACP => 5-iodo-2,3-dimethoxyorsellinate-ACP	8
356	md:mmu_M00835	Pyocyanine biosynthesis, chorismate => pyocyanine	9
357	md:mmu_M00836	Coenzyme F430 biosynthesis, sirohydrochlorin => coenzyme F430	7
358	md:mmu_M00837	Prodigiosin biosynthesis, L-proline => prodigiosin	9
359	md:mmu_M00838	Undecylprodigiosin biosynthesis, L-proline => undecylprodigiosin	9
360	md:mmu_M00840	Tetrahydrofolate biosynthesis, mediated by ribA and trpF, GTP => THF	7
361	md:mmu_M00841	Tetrahydrofolate biosynthesis, mediated by PTPS, GTP => THF	7
362	md:mmu_M00842	Tetrahydrobiopterin biosynthesis, GTP => BH4	7
363	md:mmu_M00843	L-threo-Tetrahydrobiopterin biosynthesis, GTP => L-threo-BH4	7
364	md:mmu_M00844	Arginine biosynthesis, ornithine => arginine	5
365	md:mmu_M00845	Arginine biosynthesis, glutamate => acetylcitrulline => arginine	5
366	md:mmu_M00846	Siroheme biosynthesis, glutamyl-tRNA => siroheme	7
367	md:mmu_M00847	Heme biosynthesis, archaea, siroheme => heme	7
368	md:mmu_M00848	Aurachin biosynthesis, anthranilate => aurachin A	9
369	md:mmu_M00849	C5 isoprenoid biosynthesis, mevalonate pathway, archaea	8
370	md:mmu_M00850	Vibrio cholerae pathogenicity signature, cholera toxins	X
371	md:mmu_M00851	Carbapenem resistance	X
372	md:mmu_M00852	Vibrio cholerae pathogenicity signature, toxin coregulated pilus	X
373	md:mmu_M00853	ETEC pathogenicity signature, colonization factors	X
374	md:mmu_M00854	Glycogen biosynthesis, glucose-1P => glycogen/starch	1
375	md:mmu_M00855	Glycogen degradation, glycogen => glucose-6P	1
376	md:mmu_M00856	Salmonella enterica pathogenicity signature, typhoid toxin	X
377	md:mmu_M00857	Salmonella enterica pathogenicity signature, Vi antigen	X
378	md:mmu_M00859	Bacillus anthracis pathogenicity signature, anthrax toxin	X
379	md:mmu_M00860	Bacillus anthracis pathogenicity signature, polyglutamic acid capsule biosynthesis	X
380	md:mmu_M00861	beta-Oxidation, peroxisome, VLCFA	3
381	md:mmu_M00862	beta-Oxidation, peroxisome, tri/dihydroxycholestanoyl-CoA => choloyl/chenodeoxycholoyl-CoA	3
382	md:mmu_M00866	KDO2-lipid A biosynthesis, Raetz pathway, non-LpxL-LpxM type	6
383	md:mmu_M00867	KDO2-lipid A modification pathway	6
384	md:mmu_M00868	Heme biosynthesis, animals and fungi, glycine => heme	7
385	md:mmu_M00872	O-glycan biosynthesis, mannose type (core M3)	6
386	md:mmu_M00873	Fatty acid biosynthesis in mitochondria, animals	3
387	md:mmu_M00874	Fatty acid biosynthesis in mitochondria, fungi	3
388	md:mmu_M00875	Staphyloferrin B biosynthesis, L-serine => staphyloferrin B	9
389	md:mmu_M00876	Staphyloferrin A biosynthesis, L-ornithine => staphyloferrin A	9
390	md:mmu_M00877	Kanosamine biosynthesis, glucose 6-phosphate => kanosamine	9
391	md:mmu_M00878	Phenylacetate degradation, phenylaxetate => acetyl-CoA/succinyl-CoA	10
392	md:mmu_M00879	Arginine succinyltransferase pathway, arginine => glutamate	5
393	md:mmu_M00880	Molybdenum cofactor biosynthesis, GTP => molybdenum cofactor	7
394	md:mmu_M00881	Lipoic acid biosynthesis, plants and bacteria, octanoyl-ACP => dihydrolipoyl-E2/H	7
395	md:mmu_M00882	Lipoic acid biosynthesis, eukaryotes, octanoyl-ACP => dihydrolipoyl-H	7
396	md:mmu_M00883	Lipoic acid biosynthesis, animals and bacteria, octanoyl-ACP => dihydrolipoyl-H => dihydrolipoyl-E2	7
397	md:mmu_M00884	Lipoic acid biosynthesis, octanoyl-CoA => dihydrolipoyl-E2	7
398	md:mmu_M00889	Puromycin biosynthesis, ATP => puromycin	9
399	md:mmu_M00890	Roseoflavin biosynthesis, FMN => roseoflavin	9
400	md:mmu_M00891	Ditryptophenaline biosynthesis, tryptophan + phenylalanine => ditryptophenaline	9
401	md:mmu_M00892	UDP-N-acetyl-D-glucosamine biosynthesis, eukaryotes, glucose => UDP-GlcNAc	1
402	md:mmu_M00893	Lovastatin biosynthesis, malonyl-CoA => lovastatin acid	9
403	md:mmu_M00894	Cannabidiol biosynthesis, malonyl-CoA => cannabidiol/dronabinol	9
404	md:mmu_M00895	Thiamine biosynthesis, prokaryotes, AIR (+ DXP/glycine) => TMP/TPP	7
405	md:mmu_M00896	Thiamine biosynthesis, archaea, AIR (+ NAD+) => TMP/TPP	7
406	md:mmu_M00897	Thiamine biosynthesis, plants, AIR (+ NAD+) => TMP/thiamine/TPP	7
407	md:mmu_M00898	Thiamine biosynthesis, pyridoxal-5P => TMP/thiamine/TPP	7
408	md:mmu_M00899	Thiamine salvage pathway, HMP/HET => TMP	7
409	md:mmu_M00900	Crocin biosynthesis, crocetin => crocin	9
410	md:mmu_M00901	Fumiquinazoline biosynthesis, tryptophan + alanine + anthranilate => fumiquinazoline	9
411	md:mmu_M00902	Podophyllotoxin biosynthesis, coniferyl alcohol => podophyllotoxin	9
412	md:mmu_M00903	Fosfomycin biosynthesis, phosphoenolpyruvate => fosfomycin	9
413	md:mmu_M00904	Dapdiamides biosynthesis, L-2,3-diaminopropanoate => dapdiamide A/B/C	9
414	md:mmu_M00905	Grixazone biosynthesis, aspartate 4-semialdehyde => grixazone B	9
415	md:mmu_M00906	Ethynylserine biosynthesis, lysine => ethynylserine	9
416	md:mmu_M00909	UDP-N-acetyl-D-glucosamine biosynthesis, prokaryotes, glucose => UDP-GlcNAc	1
417	md:mmu_M00910	Phenylalanine biosynthesis, chorismate => arogenate => phenylalanine	5
418	md:mmu_M00911	Riboflavin biosynthesis, fungi, GTP => riboflavin/FMN/FAD	7
419	md:mmu_M00912	NAD biosynthesis, tryptophan => quinolinate => NAD	7
420	md:mmu_M00913	Pantothenate biosynthesis, 2-oxoisovalerate/spermine => pantothenate	7
421	md:mmu_M00914	Coenzyme A biosynthesis, archaea, 2-oxoisovalerate => 4-phosphopantoate => CoA	7
422	md:mmu_M00915	Caffeine degradation, caffeine => xanthine	10
423	md:mmu_M00916	Pyridoxal-P biosynthesis, R5P + glyceraldehyde-3P + glutamine => pyridoxal-P	7
424	md:mmu_M00917	Phytosterol biosynthesis, squalene 2,3-epoxide => campesterol/sitosterol	3
425	md:mmu_M00918	Aerobactin biosynthesis, lysine => aerobactin	9
426	md:mmu_M00919	Ectoine degradation, ectoine => aspartate	5
427	md:mmu_M00921	Cyclooctatin biosynthesis, dimethylallyl-PP + isopentenyl-PP => cyclooctatin	9
428	md:mmu_M00922	CMP-Neu5Ac biosynthesis	6
429	md:mmu_M00923	UDP-L-FucNAm biosynthesis	6
430	md:mmu_M00924	Cobalamin biosynthesis, anaerobic, uroporphyrinogen III => sirohydrochlorin => cobyrinate a,c-diamide	7
431	md:mmu_M00925	Cobalamin biosynthesis, aerobic, uroporphyrinogen III => precorrin 2 => cobyrinate a,c-diamide	7
432	md:mmu_M00926	Heme biosynthesis, bacteria, glutamyl-tRNA => coproporphyrin III => heme	7
433	md:mmu_M00927	Gibberellin A12 biosynthesis, GAPP => GA12	8
434	md:mmu_M00928	Gibberellin A4/A1 biosynthesis, GA12 => GA4 / GA53 => GA1	8
435	md:mmu_M00929	Gibberellin A1 biosynthesis, GGPP => GA1	8
436	md:mmu_M00930	Menaquinone biosynthesis, futalosine pathway	7
437	md:mmu_M00931	Menaquinone biosynthesis, modified futalosine pathway	7
438	md:mmu_M00932	Phylloquinone biosynthesis, chorismate (+ phytyl-PP) => phylloquinol	7
439	md:mmu_M00933	Plastoquinone biosynthesis, homogentisate + solanesyl-PP => plastoquinol	7
440	md:mmu_M00934	Mycinamicin biosynthesis, malonyl-CoA + methylmalonyl-CoA => protomycinolide IV => mycinamicin II	8
441	md:mmu_M00935	Methanofuran biosynthesis	2
442	md:mmu_M00936	Melatonin biosynthesis, plants, tryptophan => serotonin => melatonin	5
443	md:mmu_M00937	Aflatoxin biosynthesis, malonyl-CoA => aflatoxin B1	9
444	md:mmu_M00938	Pyrimidine deoxyribonuleotide biosynthesis, UDP => dTTP	4
445	md:mmu_M00939	Pyrimidine degradation, uracil => 3-hydroxypropanoate	4
446	md:mmu_M00940	Flavanone biosynthesis, p-coumaroyl-CoA => liquiritigenin	9
447	md:mmu_M00941	Isoflavone biosynthesis, liquiritigenin => daidzein / naringenin => genistein	9
448	md:mmu_M00942	Pterocarpan biosynthesis, daidzein => medicarpin	9
449	md:mmu_M00943	Reticuline biosynthesis, dopamine + 4HPAA => (S)-reticuline	9
450	md:mmu_M00944	Morphine biosynthesis, (S)-reticuline => morphine	9
451	md:mmu_M00945	Sanguinarine biosynthesis, (S)-reticuline => sanguinarine	9
452	md:mmu_M00946	Noscapine biosynthesis, (S)-reticuline => noscapine	9
453	md:mmu_M00947	D-Arginine racemization, D-arginine => L-arginine	5
454	md:mmu_M00948	Hydroxyproline degradation, trans-4-hydroxy-L-proline => 2-oxoglutarate	5
455	md:mmu_M00949	Staphylopine biosynthesis, L-histidine => staphylopine	5
